Workbook

Sheet WSM
A1: Criteria (Tiêu chí) | B1: Weight (Trọng số) | C1: Đăng ký/Đăng nhập | D1: Quản lý Sản phẩm | E1: Giỏ hàng & Thanh toán | F1: Tìm kiếm & Lọc SP | G1: Đánh giá & Bình luận | H1: Xem đơn hàng
A2: 1. UI: Thân thiện, dễ dùng, dễ nhớ | B2: 0.25 | C2: 85 | D2: 80 | E2: 90 | F2: 85 | G2: 75 | H2: 85
A3: 2. Tốc độ truy cập & xử lý | B3: 0.15 | C3: 80 | D3: 75 | E3: 85 | F3: 90 | G3: 70 | H3: 80
A4: 3. Hỗ trợ: Nhiều người dùng | B4: 0.1 | C4: 85 | D4: 70 | E4: 80 | F4: 80 | G4: 60 | H4: 75
A5: 4. Nội dung: Phong phú, đa dạng, hấp dẫn | B5: 0.15 | C5: 50 | D5: 85 | E5: 70 | F5: 90 | G5: 80 | H5: 60
A6: 5. Chức năng Ghi log | B6: 0.05 | C6: 65 | D6: 75 | E6: 70 | F6: 75 | G6: 60 | H6: 65
A7: 6. Màu sắc, hình ảnh, âm thanh: Đa dạng | B7: 0.2 | C7: 60 | D7: 80 | E7: 75 | F7: 80 | G7: 70 | H7: 65
A8: 7. Chức năng linh hoạt & sáng tạo | B8: 0.1 | C8: 60 | D8: 80 | E8: 80 | F8: 80 | G8: 70 | H8: 65
A9: Tổng cộng | B9: 1
A10: Score | C10: =SUMPRODUCT($B$2:$B$8, C2:C8) -> 70.5 | D10: =SUMPRODUCT($B$2:$B$8, D2:D8) -> 78.75 | E10: =SUMPRODUCT($B$2:$B$8, E2:E8) -> 80.25 | F10: =SUMPRODUCT($B$2:$B$8, F2:F8) -> 84 | G10: =SUMPRODUCT($B$2:$B$8, G2:G8) -> 71.25 | H10: =SUMPRODUCT($B$2:$B$8, H2:H8) -> 72.5

Sheet NPV_ROI
A1: Discount rate | B1: 0.1
A2: Năm (Year) | B2: 0 | C2: 1 | D2: 2 | E2: 3 | F2: Tổng
A3: Lợi ích (Benefits) | B3: 0 | C3: 8000000 | D3: 15000000 | E3: 28000000 | F3: =SUM(B3:E3) -> 51000000
A4: Chi phí (Costs) | B4: 19650000 | C4: 4000000 | D4: 4000000 | E4: 4000000 | F4: =SUM(B4:E4) -> 31650000
A5: Dòng tiền (Lợi ích - Chi phí) | B5: =B3-B4 -> -19650000 | C5: =C3-C4 -> 4000000 | D5: =D3-D4 -> 11000000 | E5: =E3-E4 -> 24000000 | F5: =SUM(B5:E5) -> 19350000
A6: Hệ số chiết khấu (Factor) | B6: =1/(1+$B$1)^B2 -> 1 | C6: =1/(1+$B$1)^C2 -> 0.90909091 | D6: =1/(1+$B$1)^D2 -> 0.82644628 | E6: =1/(1+$B$1)^E2 -> 0.7513148 | F6: =SUM(B6:E6) -> 3.486852
A7: Lợi ích đã chiết khấu | B7: =B3*B6 -> 0 | C7: =C3*C6 -> 7272727.3 | D7: =D3*D6 -> 12396694 | E7: =E3*E6 -> 21036814 | F7: =SUM(B7:E7) -> 40706236
A8: Chi phí đã chiết khấu | B8: =B4*B6 -> 19650000 | C8: =C4*C6 -> 3636363.6 | D8: =D4*D6 -> 3305785.1 | E8: =E4*E6 -> 3005259.2 | F8: =SUM(B8:E8) -> 29597408
A9: NPV | B9: =F7-F8 -> 11108828
A10: ROI | B10: =B9/F8 -> 0.37533111

Sheet Payback
A1: Year | B1: Costs | C1: Benefits | D1: Cum Costs | E1: Cum Benefits
A2: 0 | B2: =NPV_ROI!B4 -> 19650000 | C2: =NPV_ROI!B3 -> 0 | D2: =B2 -> 19650000 | E2: =C2 -> 0
A3: 1 | B3: =NPV_ROI!C4 -> 4000000 | C3: =NPV_ROI!C3 -> 8000000 | D3: =D2+B3 -> 23650000 | E3: =E2+C3 -> 8000000
A4: 2 | B4: =NPV_ROI!D4 -> 4000000 | C4: =NPV_ROI!D3 -> 15000000 | D4: =D3+B4 -> 27650000 | E4: =E3+C4 -> 23000000
A5: 3 | B5: =NPV_ROI!E4 -> 4000000 | C5: =NPV_ROI!E3 -> 28000000 | D5: =D4+B5 -> 31650000 | E5: =E4+C5 -> 51000000
